{
  "info": {
    "name": "Intern Project API",
    "_postman_id": "intern-project-collection",
    "schema": "https://schema.getpostman.com/json/collection/v2.1.0/collection.json"
  },
  "item": [
    {
      "name": "Root",
      "request": {
        "method": "GET",
        "header": [],
        "url": {
          "raw": "http://127.0.0.1:8000/",
          "protocol": "http",
          "host": [
            "127.0.0.1"
          ],
          "port": "8000",
          "path": [
            ""
          ]
        }
      },
      "response": []
    },
    {
      "name": "List Users",
      "request": {
        "method": "GET",
        "header": [],
        "url": {
          "raw": "http://127.0.0.1:8000/api/v1/users/",
          "protocol": "http",
          "host": [
            "127.0.0.1"
          ],
          "port": "8000",
          "path": [
            "api",
            "v1",
            "users",
            ""
          ]
        }
      },
      "response": []
    }
  ]
}